pv,bl_sr,asm_sr,bl_mean_rmse,asm_mean_rmse,bl_status,asm_status
0.5,1.0,0.95,0.02789658367568332,0.03234103919776745,PASS,PASS
1.0,1.0,0.83,0.0529106258925186,0.0525228729367948,PASS,FAIL
1.5,1.0,0.75,0.0837869560263902,0.07911414650227191,PASS,FAIL
2.0,0.94,0.77,0.11105644531804522,0.09808195254291335,FAIL,FAIL
2.5,0.63,0.7,0.12863458423241175,0.10878724085792132,FAIL,FAIL
3.0,0.24,0.36,0.13954804228256876,0.11846798789449749,FAIL,FAIL
3.5,0.02,0.25,0.1480528153587124,0.12080048877386958,FAIL,FAIL
4.0,0.0,0.15,nan,0.1257482282296401,FAIL,FAIL
